Name,TemplateId,BoxCount,Keywords,URL,Weight,Height,CaptionLength
Drake Hotline Bling,181913649,2,"prefer, better, choice, vs, versus, comparison, approve, reject, like, dislike, option, instead, rather",https://i.imgflip.com/30b1gx.jpg,1200,1200,1483000
Two Buttons,87743020,3,"decision, choose, dilemma, panic, stress, difficult, hard, nervous, sweat, struggle, torn, confused, can't decide",https://i.imgflip.com/1g8my4.jpg,600,908,1156750
Distracted Boyfriend,112126428,3,"distracted, tempted, attracted, looking, want, ignore, new, switch, change, leave, curious, interested, desire",https://i.imgflip.com/1ur9b0.jpg,1200,800,1152500
Bernie I Am Once Again Asking For Your Support,222403160,2,"asking, request, again, repeated, once more, please, need, begging, support, help, favor",https://i.imgflip.com/3oevdk.jpg,750,750,337000
Running Away Balloon,131087935,5,"priorities, chasing, running, ignore, focus, distracted, wrong, missed, opportunity, escaping",https://i.imgflip.com/261o3j.jpg,761,1024,594250
Left Exit 12 Off Ramp,124822590,3,"exit, choice, turn, direction, path, decision, swerve, alternative, route, change course",https://i.imgflip.com/22bdq6.jpg,804,767,716500
UNO Draw 25 Cards,217743513,2,"avoid, refuse, rather, instead, won't, never, choose, alternative, reject, punishment",https://i.imgflip.com/3lmzyx.jpg,500,494,627500
Disaster Girl,97984,2,"chaos, fire, disaster, evil, destruction, burn, smile, watching, mess, catastrophe, fine, enjoy",https://i.imgflip.com/23ls.jpg,500,375,418000
Epic Handshake,135256802,3,"agreement, common, both, agree, unity, together, alliance, shared, mutual, teamwork",https://i.imgflip.com/28j0te.jpg,900,645,252750
Gru's Plan,131940431,4,"plan, backfire, realize, wait, unexpected, surprise, mistake, wrong, oops, plot",https://i.imgflip.com/26jxvz.jpg,700,449,361750
Waiting Skeleton,4087833,2,"waiting, forever, still, never, long time, patience, delayed, slow, eventually, expecting",https://i.imgflip.com/2fm6x.jpg,298,403,477250
Sad Pablo Escobar,80707627,3,"sad, lonely, depressed, alone, thinking, nostalgia, miss, reminisce, reflection, melancholy",https://i.imgflip.com/1c1uej.jpg,720,709,245750
Always Has Been,252600902,2,"always, realization, discover, truth, reveal, shocking, fact, entire time, astronaut, gun",https://i.imgflip.com/46e43q.png,960,540,222250
Change My Mind,129242436,2,"opinion, fact, truth, prove, debate, argument, convince, belief, statement, claim, unpopular",https://i.imgflip.com/24y43o.jpg,482,361,666250
Anakin Padme 4 Panel,322841258,3,"right, assumption, nervous, worried, confirmation, awkward, uncomfortable, surely, hoping",https://i.imgflip.com/5c7lwq.png,768,768,135750
Batman Slapping Robin,438680,2,"stop, no, reject, slap, wrong, stupid, bad idea, shut up, disagree, interrupt, don't",https://i.imgflip.com/9ehk.jpg,400,387,655250
Woman Yelling At Cat,188390779,2,"argument, yelling, angry, contrast, different, perspective, misunderstanding, confused, upset",https://i.imgflip.com/345v97.jpg,680,438,393500
Marked Safe From,161865971,2,"safe, avoided, escaped, lucky, dodged, protected, spared, survived, unaffected",https://i.imgflip.com/2odckz.jpg,618,499,218250
Mocking Spongebob,102156234,2,"mocking, sarcasm, ridicule, imitate, make fun, stupid, childish, repeat, annoying",https://i.imgflip.com/1otk96.jpg,502,353,446000
X X Everywhere,91538330,2,"everywhere, all over, too many, full of, surrounded, abundant, overwhelming, infested",https://i.imgflip.com/1ihzfe.jpg,2118,1440,393000
Trade Offer,309868304,3,"trade, offer, deal, exchange, receive, give, bargain, negotiation, transaction, proposal",https://i.imgflip.com/54hjww.jpg,607,794,121500
Buff Doge vs. Cheems,247375501,4,"then, now, past, present, used to, before, after, decline, weaker, nostalgia",https://i.imgflip.com/43a45p.png,937,720,369750
Tuxedo Winnie The Pooh,178591752,2,"fancy, sophisticated, classy, refined, elegant, superior, better, upgraded, posh",https://i.imgflip.com/2ybua0.png,800,582,275500
Expanding Brain,93895088,4,"smart, genius, intelligence, advanced, levels, upgrade, evolution, enlightened, wisdom, galaxy brain",https://i.imgflip.com/1jwhww.jpg,857,1202,471750
Y'all Got Any More Of That,124055727,2,"need, want, craving, addicted, more, desperate, got any, looking for, require",https://i.imgflip.com/21uy0f.jpg,600,471,220750
Bernie Sanders Once Again Asking,224015000,2,"asking, request, again, repeated, once more, please, support, financial, contribution",https://i.imgflip.com/3pdf2w.png,926,688,62750
Bike Fall,79132341,3,"blame, fault, own fault, self inflicted, stick, excuse, responsible, caused, crash",https://i.imgflip.com/1b42wl.jpg,500,680,139000
One Does Not Simply,61579,2,"difficult, impossible, hard, challenging, not simply, just, cannot, complex, not easy, tough",https://i.imgflip.com/1bij.jpg,568,335,481750
They're The Same Picture,180190441,3,"same, identical, no difference, equal, similar, can't tell, corporate, distinguish",https://i.imgflip.com/2za3u1.jpg,1363,1524,180000
Success Kid,61544,2,"success, win, victory, accomplished, achieved, finally, celebrate, triumph, did it, yes",https://i.imgflip.com/1bhk.jpg,500,500,152500
0 days without (Lenny Simpsons),427308417,2,"zero days, accident, record, reset, again, failed, streak, without, broken",https://i.imgflip.com/72epa9.png,619,403,41500
Is This A Pigeon,100777631,3,"is this, confused, misidentify, wrong, mistake, clueless, misunderstand, butterfly, question",https://i.imgflip.com/1o00in.jpg,1587,1425,233500
Mother Ignoring Kid Drowning In A Pool,252758727,4,"ignore, priority, neglect, drowning, help, attention, focus, important, emergency",https://i.imgflip.com/46hhvr.jpg,782,1032,73000
Megamind peeking,370867422,2,"peek, looking, curious, checking, watching, observe, sneaking, hidden, spy",https://i.imgflip.com/64sz4u.png,540,540,96750
Monkey Puppet,148909805,2,"awkward, caught, nervous, uncomfortable, side eye, suspicious, guilty, exposed, pretend",https://i.imgflip.com/2gnnjh.jpg,923,768,225000
Hide the Pain Harold,27813981,2,"hide pain, fake smile, suffering, pretend, okay, fine, forced, internal, screaming",https://i.imgflip.com/gk5el.jpg,480,601,242250
I Bet He's Thinking About Other Women,110163934,2,"thinking, distracted, thoughts, actually, different, assumption, mind, wondering, concern",https://i.imgflip.com/1tl71a.jpg,1654,930,180250
This Is Where I'd Put My Trophy If I Had One,3218037,2,"if i had, missing, don't have, lacking, absent, would be, empty, wish, desire",https://i.imgflip.com/1wz1x.jpg,300,418,156500
Ancient Aliens,101470,2,"aliens, theory, conspiracy, explain, because, magic, mysterious, therefore, weird, strange",https://i.imgflip.com/26am.jpg,500,437,375500
Oprah You Get A,28251713,2,"everyone, you get, all, everybody, generous, giving, free, distribute, share",https://i.imgflip.com/gtj5t.jpg,620,465,219250
This Is Fine,55311130,2,"fine, okay, burning, fire, disaster, denial, everything, pretend, calm, chaos",https://i.imgflip.com/wxica.jpg,580,282,153000
Clown Applying Makeup,195515965,4,"progressive, stages, becoming, transform, worse, escalate, clown, makeup, levels",https://i.imgflip.com/38el31.jpg,750,798,125750
You Guys are Getting Paid,177682295,2,"wait, you guys, getting paid, surprised, shocked, didn't know, serious, money",https://i.imgflip.com/2xscjb.png,520,358,65500
Squidward window,67452763,2,"watching, window, excluded, left out, lonely, jealous, outside, missing, envy",https://i.imgflip.com/145qvv.jpg,598,420,61250
Laughing Leo,259237855,2,"laughing, then, wait, realization, serious, actually, joke, stopped, concern",https://i.imgflip.com/4acd7j.png,470,470,112000
Boardroom Meeting Suggestion,1035805,4,"suggestion, idea, rejected, throw out, window, meeting, bad idea, boardroom, fired",https://i.imgflip.com/m78d.jpg,500,649,405500
Blank Nut Button,119139145,2,"button, press, action, instant, excited, smash, activate, trigger, eager",https://i.imgflip.com/1yxkcp.jpg,600,446,317500
Roll Safe Think About It,89370399,2,"think, smart, clever, can't, if, logic, loophole, technically, workaround, genius",https://i.imgflip.com/1h7in3.jpg,702,395,335750
They don't know,284929871,2,"they don't know, party, alone, secret, hidden, nobody knows, internal, thoughts",https://i.imgflip.com/4pn1an.png,671,673,47500
Flex Tape,166969924,3,"fix, damage, repair, broken, tape, patch, quick fix, temporary, solution",https://i.imgflip.com/2reqtg.png,510,572,76500
Bell Curve,533936279,3,"bell curve, smart, dumb, same conclusion, extremes, average, intelligence, opposite",https://i.imgflip.com/8tw3vb.png,675,499,32750
Pawn Stars Best I Can Do,77045868,2,"best i can do, offer, low, cheap, bargain, negotiate, price, deal, less",https://i.imgflip.com/19vcz0.jpg,624,352,50000
Futurama Fry,61520,2,"not sure, suspicious, confused, uncertain, doubt, wondering, can't tell, skeptical, questioning",https://i.imgflip.com/1bgw.jpg,552,414,315000
Spider Man Triple,206151308,3,"pointing, three, all, everyone, same, accusing, spiderman, blame, multiple",https://i.imgflip.com/3eqjd8.jpg,600,551,40000
Soldier protecting sleeping child,171305372,3,"protect, guard, defend, keep safe, shield, watch over, threat, danger, secure",https://i.imgflip.com/2tzo2k.jpg,540,440,44250
AJ Styles & Undertaker,234202281,2,"respect, bow, honor, acknowledge, tribute, salute, legend, recognition",https://i.imgflip.com/3vfrmx.jpg,933,525,44250
Sleeping Shaq,99683372,2,"sleeping, ignore, don't care, awake, alert, interested, attention, priorities",https://i.imgflip.com/1nck6k.jpg,640,631,110500
Whisper and Goosebumps,101956210,2,"whisper, reaction, shocked, excited, tell, secret, news, response, goosebumps",https://i.imgflip.com/1op9wy.jpg,600,600,60500
Two guys on a bus,354700819,2,"conversation, talking, discuss, chat, bus, dialogue, exchange, communication",https://i.imgflip.com/5v6gwj.jpg,762,675,25500
Megamind no bitches,371619279,2,"no, none, zero, lacking, absent, without, nothing, empty, missing",https://i.imgflip.com/65939r.jpg,674,734,31250
Third World Skeptical Kid,101288,2,"skeptical, really, serious, doubt, question, suspicious, sure, believe, yeah right",https://i.imgflip.com/265k.jpg,426,426,192750
Types of Headaches meme,119215120,2,"headache, pain, annoying, problem, issue, frustration, stress, worse, levels",https://i.imgflip.com/1yz6z4.jpg,483,497,68750
A train hitting a school bus,247113703,2,"destroy, crush, overpower, demolish, impact, hit, collision, unstoppable, force",https://i.imgflip.com/434i5j.png,920,1086,66250
Inhaling Seagull,114585149,4,"scream, yell, loud, shouting, inhale, escalate, increasing, building up, crescendo",https://i.imgflip.com/1w7ygt.jpg,1269,2825,246000
George Bush 9/11,208915813,2,"moment, realization, news, informed, told, announcement, shocked, learning",https://i.imgflip.com/3gdsh1.jpg,300,180,23750
Who Killed Hannibal,135678846,3,"blame, caused, who, responsible, own fault, shot, accusing, self inflicted, denial",https://i.imgflip.com/28s2gu.jpg,1280,1440,141000
Friendship ended,137501417,2,"friendship, ended, new, best friend, replace, switch, changed, former, now",https://i.imgflip.com/29v4rt.jpg,800,600,37250
All My Homies Hate,216523697,2,"hate, homies, all, everyone, dislike, against, united, together, oppose",https://i.imgflip.com/3kwur5.jpg,680,615,55000
Leonardo Dicaprio Cheers,5496396,2,"cheers, toast, celebrate, congratulations, well done, agreement, support, approval",https://i.imgflip.com/39t1o.jpg,600,400,244750
Three-headed Dragon,187102311,4,"reject, accept, three, options, multiple, approval, disapproval, choices, prefer",https://i.imgflip.com/33e92f.jpg,680,544,49250
Surprised Pikachu,155067746,3,"surprised, shocked, unexpected, consequences, obvious, what, reaction, pikachu",https://i.imgflip.com/2kbn1e.jpg,1893,1893,246000
Anime Girl Hiding from Terminator,224514655,2,"hide, avoid, escape, run, fear, threat, danger, hiding, scared, chase",https://i.imgflip.com/3po4m7.jpg,581,633,55000
where monkey,316466202,2,"where, looking for, searching, missing, find, locate, lost, gone, disappeared",https://i.imgflip.com/58eyvu.png,1113,629,60250
Grant Gustin over grave,221578498,2,"grave, crying, sad, mourning, rip, dead, lost, emotional, grief, over",https://i.imgflip.com/3nx72a.png,500,475,58000
Panik Kalm Panik,226297822,3,"panic, calm, worried, relief, scared, okay, wait, worse, anxiety, stress",https://i.imgflip.com/3qqcim.png,640,881,219250
Trump Bill Signing,91545132,2,"sign, official, document, executive, order, approved, signed, decree, law",https://i.imgflip.com/1ii4oc.jpg,1866,1529,167250
Evil Kermit,84341851,2,"evil, temptation, devil, conscience, bad, do it, inner voice, thought, corrupt",https://i.imgflip.com/1e7ql7.jpg,700,325,159250
Squid Game,558880671,2,"squid game, competition, survival, eliminate, challenge, game, contestant, fight",https://i.imgflip.com/98qr33.jpg,1546,2385,24750
c'mon do something,20007896,2,"do something, waiting, come on, action, nothing, happening, impatient, bored",https://i.imgflip.com/bwu6w.jpg,448,519,36750
Disappointed Black Guy,50421420,2,"disappointed, let down, expected, sad, upset, not impressed, failed, underwhelming",https://i.imgflip.com/u0pf0.jpg,1172,756,73000
Grandma Finds The Internet,61556,2,"confused, technology, old, internet, computer, clueless, how, what, elderly, tech",https://i.imgflip.com/1bhw.jpg,640,480,171000
Absolute Cinema,505705955,2,"cinema, masterpiece, art, perfection, peak, incredible, beautiful, amazing, kino",https://i.imgflip.com/8d317n.png,936,725,11000
say the line bart! simpsons,72525473,3,"say the line, expected, predictable, same, repeat, tradition, classic, routine",https://i.imgflip.com/176h0h.jpg,395,650,30500
No - Yes,129315248,2,"no, yes, change mind, actually, reconsider, flip, opposite, second thought",https://i.imgflip.com/24zoa8.jpg,429,343,34500
Star Wars Yoda,14371066,2,"yoda, wisdom, advice, master, teach, lesson, force, star wars, quote",https://i.imgflip.com/8k0sa.jpg,620,714,141750
American Chopper Argument,134797956,5,"argument, fight, yelling, heated, debate, angry, disagree, shouting, escalate",https://i.imgflip.com/2896ro.jpg,640,1800,186000
Look At Me,29617627,2,"look at me, captain, now, i am, takeover, control, authority, power, command",https://i.imgflip.com/hmt3v.jpg,300,300,67250
is this butterfly,142009471,3,"is this, confused, misidentify, mistake, wrong, butterfly, question, misunderstand",https://i.imgflip.com/2cjr7j.jpg,1587,1425,33250
Spongebob Ight Imma Head Out,196652226,2,"head out, leave, exit, goodbye, done, out, peace, leaving, depart",https://i.imgflip.com/392xtu.jpg,822,960,134000
spiderman pointing at spiderman,110133729,2,"pointing, same, both, identical, mirror, duplicate, accusation, similar, two",https://i.imgflip.com/1tkjq9.jpg,800,450,61500
Scooby doo mask reveal,145139900,4,"reveal, mask, actually, secretly, truth, uncover, expose, hidden, identity",https://i.imgflip.com/2eeunw.jpg,720,960,31000
The Rock Driving,21735,2,"eyebrow, suspicious, really, seriously, doubt, side eye, driving, skeptical",https://i.imgflip.com/grr.jpg,568,700,227250
Two Paths,309668311,3,"path, choice, direction, option, route, decision, fork, way, choose",https://i.imgflip.com/54d9lj.png,416,416,24250
Domino Effect,162372564,2,"domino, effect, chain, reaction, leads to, causes, consequence, result, cascade",https://i.imgflip.com/2oo7h0.jpg,820,565,36000
Grim Reaper Knocking Door,104893621,3,"death, reaper, knocking, door, target, coming, doomed, fate, mortality",https://i.imgflip.com/1qg8fp.jpg,500,312,26500
Spirit Halloween,419642439,4,"halloween, spirit, seasonal, empty, store, building, takeover, abandoned",https://i.imgflip.com/6xue6f.jpg,1052,1306,14750
Finding Neverland,6235864,3,"write, author, create, story, document, record, writing, notes, type",https://i.imgflip.com/3pnmg.jpg,423,600,167000
The Scroll Of Truth,123999232,2,"truth, reject, deny, throw, fact, scroll, refuse, accept, ignore, hard truth",https://i.imgflip.com/21tqf4.jpg,1280,1236,230500
Gus Fring we are not the same,342785297,3,"not the same, different, we are, you, i, contrast, comparison, distinct, separate",https://i.imgflip.com/5o32tt.png,700,1000,38750
whe i'm in a competition and my opponent is,360597639,2,"competition, opponent, versus, against, rival, challenge, competing, match",https://i.imgflip.com/5youx3.jpg,916,900,26000